                  epoch,         train/box_loss,         train/seg_loss,         train/cls_loss,         train/dfl_loss,   metrics/precision(B),      metrics/recall(B),       metrics/mAP50(B),    metrics/mAP50-95(B),   metrics/precision(M),      metrics/recall(M),       metrics/mAP50(M),    metrics/mAP50-95(M),           val/box_loss,           val/seg_loss,           val/cls_loss,           val/dfl_loss,                 lr/pg0,                 lr/pg1,                 lr/pg2
                      0,                 1.5159,                  3.729,                 1.7191,                 1.3103,                 0.4778,                0.34494,                0.33764,                 0.2033,                0.40352,                0.28598,                0.26011,                 0.1295,                 1.5222,                 3.5034,                 1.3022,                 1.2284,               0.070081,              0.0033243,              0.0033243
                      1,                 1.3953,                 3.3531,                 1.1826,                 1.2349,                0.48741,                0.35143,                0.36517,                0.21826,                 0.4207,                0.28488,                 0.2742,                0.13751,                  1.523,                 3.4226,                 1.2272,                  1.224,               0.040068,              0.0066445,              0.0066445
                      2,                 1.4135,                 3.3167,                 1.1618,                 1.2405,                0.53851,                0.33636,                0.36816,                0.21897,                0.50626,                0.28306,                0.29242,                0.14701,                 1.5563,                 3.4076,                 1.2807,                 1.2277,               0.010042,              0.0099514,              0.0099514
                      3,                 1.4271,                 3.2926,                 1.1535,                 1.2445,                0.52203,                0.37222,                0.38218,                0.23034,                0.47303,                0.32137,                0.31328,                0.15759,                 1.5359,                 3.3883,                 1.1941,                 1.2205,              0.0099406,              0.0099406,              0.0099406
                      4,                 1.4174,                 3.2527,                 1.1299,                 1.2429,                0.50337,                0.38214,                0.38281,                0.22694,                 0.4455,                0.31685,                0.30466,                0.15154,                 1.5263,                 3.4049,                 1.1928,                 1.2301,              0.0099406,              0.0099406,              0.0099406
                      5,                 1.4039,                 3.2305,                 1.1127,                 1.2394,                0.50638,                0.39972,                0.39194,                0.23203,                0.44596,                0.33015,                0.31073,                0.15127,                 1.5026,                 3.3621,                 1.1733,                 1.2108,              0.0099208,              0.0099208,              0.0099208
                      6,                 1.3919,                 3.1949,                 1.0972,                 1.2317,                0.56283,                0.37119,                0.39614,                0.23446,                0.48722,                0.31266,                0.30573,                0.15199,                 1.5193,                 3.3626,                 1.1864,                 1.2323,               0.009901,               0.009901,               0.009901
                      7,                 1.3817,                 3.1706,                 1.0845,                 1.2289,                0.55399,                0.39272,                0.41467,                0.24587,                0.49822,                0.32094,                0.32292,                0.15774,                 1.4963,                 3.2856,                 1.1518,                 1.2161,              0.0098812,              0.0098812,              0.0098812
                      8,                 1.3716,                 3.1498,                  1.071,                 1.2246,                0.55731,                0.38459,                0.41032,                0.24734,                0.49439,                0.32341,                0.32276,                0.16073,                 1.4951,                 3.3203,                 1.1508,                  1.203,              0.0098614,              0.0098614,              0.0098614
                      9,                 1.3701,                 3.1405,                 1.0673,                 1.2189,                0.57833,                 0.3859,                 0.4213,                0.25467,                0.50242,                0.32192,                0.32714,                0.16362,                 1.4711,                  3.267,                 1.1308,                 1.1954,              0.0098416,              0.0098416,              0.0098416
                     10,                 1.3488,                 3.1048,                 1.0475,                 1.2124,                0.57026,                0.39279,                0.41924,                 0.2532,                0.49922,                0.33136,                  0.328,                0.16253,                 1.4817,                 3.2585,                 1.1328,                 1.2099,              0.0098218,              0.0098218,              0.0098218
                     11,                 1.3454,                 3.0972,                 1.0358,                 1.2079,                 0.5752,                0.38114,                0.42328,                0.25329,                0.52518,                0.31521,                0.32948,                0.16202,                 1.4707,                 3.2521,                 1.1289,                 1.2022,               0.009802,               0.009802,               0.009802
                     12,                 1.3406,                 3.0789,                 1.0321,                 1.2035,                0.56345,                0.40688,                  0.429,                 0.2542,                0.49066,                0.33428,                0.32497,                0.16304,                  1.462,                 3.2357,                 1.1033,                 1.1907,              0.0097822,              0.0097822,              0.0097822
                     13,                 1.3309,                 3.0607,                 1.0215,                 1.1979,                0.58549,                0.39655,                0.42947,                0.25804,                0.53263,                0.32748,                0.34079,                0.17021,                 1.4528,                  3.209,                 1.1035,                 1.1874,              0.0097624,              0.0097624,              0.0097624
                     14,                 1.3312,                 3.0597,                   1.02,                 1.1993,                0.57064,                0.40234,                0.43041,                0.25868,                 0.4947,                0.34563,                0.34344,                0.16945,                 1.4509,                 3.2302,                 1.1002,                 1.1938,              0.0097426,              0.0097426,              0.0097426
                     15,                 1.3221,                 3.0359,                 1.0141,                 1.1953,                0.57264,                0.40302,                0.43207,                0.26187,                0.49465,                0.33748,                0.33524,                0.16832,                 1.4417,                 3.2018,                 1.0914,                 1.1908,              0.0097228,              0.0097228,              0.0097228
                     16,                 1.3163,                 3.0411,                 1.0058,                 1.1947,                0.59496,                0.38907,                0.43327,                 0.2603,                0.52253,                0.32084,                0.33335,                0.16501,                 1.4409,                 3.1913,                 1.0907,                 1.1864,               0.009703,               0.009703,               0.009703
                     17,                  1.311,                  3.012,                0.99831,                 1.1889,                 0.5893,                0.40347,                0.44202,                 0.2678,                0.51291,                0.33677,                0.34328,                0.17271,                 1.4263,                 3.1778,                 1.0781,                 1.1774,              0.0096832,              0.0096832,              0.0096832
                     18,                 1.3113,                 3.0152,                0.99413,                 1.1888,                0.58956,                  0.397,                0.42915,                0.25937,                0.49745,                 0.3306,                0.32971,                0.16493,                 1.4324,                  3.183,                 1.0879,                 1.1768,              0.0096634,              0.0096634,              0.0096634
                     19,                 1.2964,                  2.992,                0.97853,                 1.1831,                0.58108,                0.40795,                0.43347,                0.26209,                0.50598,                0.34611,                0.34194,                0.17102,                 1.4302,                 3.1768,                 1.0851,                 1.1812,              0.0096436,              0.0096436,              0.0096436
                     20,                 1.2986,                 2.9895,                0.98382,                 1.1824,                0.56196,                0.40885,                 0.4352,                0.26595,                0.49536,                0.33854,                0.34126,                0.17255,                 1.4309,                 3.1941,                 1.0765,                  1.173,              0.0096238,              0.0096238,              0.0096238
                     21,                 1.2968,                 2.9785,                0.97643,                 1.1794,                0.57084,                0.40647,                0.43743,                 0.2657,                0.51993,                0.33663,                0.34488,                0.17292,                 1.4361,                 3.1813,                 1.0774,                 1.1766,               0.009604,               0.009604,               0.009604
                     22,                 1.2932,                 2.9771,                0.97765,                 1.1815,                0.59914,                0.41599,                0.44612,                0.26736,                0.50999,                0.34572,                0.34366,                0.17329,                 1.4267,                 3.1696,                 1.0691,                 1.1716,              0.0095842,              0.0095842,              0.0095842
                     23,                 1.2849,                 2.9593,                0.96346,                 1.1755,                0.58647,                0.41116,                0.44254,                0.27113,                0.53105,                0.34149,                0.34832,                0.17823,                 1.4354,                 3.1649,                 1.0747,                 1.1797,              0.0095644,              0.0095644,              0.0095644
                     24,                 1.2811,                 2.9557,                0.96167,                  1.176,                 0.5701,                  0.414,                0.44362,                0.27013,                0.52414,                0.34942,                0.35502,                0.17771,                 1.4283,                 3.1448,                 1.0713,                 1.1767,              0.0095446,              0.0095446,              0.0095446
                     25,                 1.2826,                  2.942,                0.96128,                 1.1762,                0.60557,                0.40141,                0.44328,                0.26912,                0.53369,                0.33844,                0.34663,                0.17561,                 1.4293,                 3.1537,                 1.0698,                 1.1755,              0.0095248,              0.0095248,              0.0095248
                     26,                 1.2757,                 2.9325,                0.95382,                 1.1692,                0.60455,                0.40184,                0.44368,                0.26961,                0.52578,                0.33986,                0.34891,                0.17421,                 1.4218,                 3.1629,                   1.07,                 1.1783,               0.009505,               0.009505,               0.009505
                     27,                 1.2732,                 2.9354,                0.94833,                 1.1663,                0.58164,                0.40786,                0.43466,                0.26208,                0.50692,                0.33552,                0.33916,                0.16948,                 1.4256,                 3.1534,                 1.0752,                 1.1733,              0.0094852,              0.0094852,              0.0094852
                     28,                 1.2705,                 2.9264,                0.94565,                 1.1662,                0.57356,                0.41198,                0.44575,                0.27134,                0.50254,                0.34753,                0.35404,                0.17848,                 1.4192,                 3.1553,                 1.0588,                 1.1727,              0.0094654,              0.0094654,              0.0094654
                     29,                 1.2637,                 2.9128,                0.93971,                 1.1632,                  0.598,                0.40565,                0.44462,                0.27221,                0.54178,                0.34112,                0.35115,                0.17597,                 1.4119,                 3.1335,                 1.0522,                 1.1713,              0.0094456,              0.0094456,              0.0094456
                     30,                 1.2642,                 2.9118,                0.94153,                 1.1667,                0.58182,                0.42157,                0.44749,                0.27047,                0.52151,                0.34962,                0.35101,                 0.1765,                  1.419,                 3.1434,                 1.0619,                 1.1722,              0.0094258,              0.0094258,              0.0094258
                     31,                 1.2613,                 2.8959,                0.92641,                  1.157,                0.56694,                0.42262,                0.44455,                0.27015,                0.51568,                0.34988,                0.35065,                0.17754,                 1.4216,                 3.1393,                 1.0532,                 1.1697,               0.009406,               0.009406,               0.009406
                     32,                 1.2611,                 2.8971,                0.93103,                 1.1636,                0.56614,                 0.4216,                0.44926,                0.27309,                0.50294,                0.35373,                0.35938,                0.18079,                 1.4144,                 3.1383,                 1.0452,                 1.1657,              0.0093862,              0.0093862,              0.0093862
                     33,                 1.2594,                 2.8999,                0.92762,                 1.1589,                0.60148,                0.41042,                0.45073,                0.27091,                0.50657,                0.34758,                0.35168,                0.17612,                 1.4166,                 3.1314,                 1.0581,                 1.1713,              0.0093664,              0.0093664,              0.0093664
                     34,                 1.2494,                 2.8706,                0.91834,                 1.1548,                0.59189,                0.41913,                0.45355,                0.27335,                0.52137,                0.34774,                0.35537,                0.17866,                 1.4153,                 3.1404,                 1.0505,                 1.1699,              0.0093466,              0.0093466,              0.0093466
                     35,                 1.2497,                 2.8829,                0.91753,                 1.1569,                 0.6249,                0.41377,                0.45607,                0.27591,                0.56587,                 0.3465,                 0.3623,                0.18121,                 1.4109,                 3.1441,                 1.0419,                 1.1703,              0.0093268,              0.0093268,              0.0093268
                     36,                 1.2468,                 2.8694,                0.91428,                  1.152,                0.60224,                0.42016,                0.45688,                 0.2754,                 0.5105,                0.35626,                0.35785,                0.17742,                 1.4105,                 3.1219,                 1.0404,                 1.1695,               0.009307,               0.009307,               0.009307
                     37,                 1.2488,                 2.8721,                0.91297,                 1.1534,                0.58652,                 0.4149,                0.45026,                0.27041,                0.53343,                0.34383,                0.35439,                0.17822,                 1.4225,                 3.1312,                 1.0482,                 1.1728,              0.0092872,              0.0092872,              0.0092872
                     38,                 1.2446,                 2.8659,                0.90711,                 1.1502,                 0.5974,                0.41618,                0.44848,                0.27033,                0.53343,                0.34424,                0.35326,                0.17532,                 1.4139,                 3.1477,                 1.0451,                 1.1675,              0.0092674,              0.0092674,              0.0092674
                     39,                 1.2371,                  2.844,                0.90343,                 1.1478,                0.59033,                0.42356,                0.44949,                0.27367,                0.51927,                0.35224,                0.35573,                0.17865,                 1.4095,                 3.1247,                 1.0408,                 1.1692,              0.0092476,              0.0092476,              0.0092476
                     40,                 1.2363,                 2.8488,                0.90014,                 1.1467,                0.61139,                0.41559,                 0.4502,                0.26858,                0.53082,                0.35499,                0.35797,                0.17762,                 1.4117,                 3.1455,                 1.0489,                 1.1747,              0.0092278,              0.0092278,              0.0092278
                     41,                   1.24,                  2.853,                0.90285,                 1.1503,                0.61176,                0.41398,                0.45153,                0.27388,                0.53104,                0.34786,                0.35578,                0.17721,                 1.4111,                 3.1402,                 1.0434,                 1.1665,               0.009208,               0.009208,               0.009208
                     42,                 1.2355,                 2.8438,                0.89529,                 1.1451,                0.60707,                0.41387,                0.44744,                0.27197,                0.55285,                0.34458,                0.35794,                 0.1741,                 1.4084,                 3.1333,                 1.0401,                 1.1652,              0.0091882,              0.0091882,              0.0091882
                     43,                 1.2324,                 2.8313,                0.89533,                 1.1465,                0.58859,                0.42759,                0.45474,                 0.2756,                0.50141,                0.36703,                0.35713,                0.17968,                 1.4095,                 3.1319,                 1.0408,                 1.1656,              0.0091684,              0.0091684,              0.0091684
                     44,                 1.2271,                 2.8288,                0.89054,                 1.1414,                0.60157,                  0.418,                0.45218,                 0.2738,                0.55052,                0.34873,                 0.3588,                0.17928,                 1.4124,                 3.1284,                 1.0365,                  1.165,              0.0091486,              0.0091486,              0.0091486
                     45,                 1.2224,                 2.8214,                0.88529,                 1.1412,                0.58981,                0.41735,                0.45127,                 0.2741,                0.53225,                0.34322,                  0.354,                0.17823,                 1.4159,                 3.1305,                  1.033,                 1.1669,              0.0091288,              0.0091288,              0.0091288
                     46,                 1.2262,                 2.8256,                0.88326,                 1.1399,                0.57945,                0.43387,                0.46097,                0.27797,                0.53354,                0.35579,                 0.3614,                0.18237,                 1.4121,                 3.1105,                 1.0345,                 1.1656,               0.009109,               0.009109,               0.009109
                     47,                 1.2161,                  2.801,                0.87656,                  1.134,                0.60725,                0.40764,                0.45056,                0.27348,                0.51909,                0.34798,                0.35682,                0.17799,                 1.4043,                 3.1166,                 1.0366,                 1.1619,              0.0090892,              0.0090892,              0.0090892
                     48,                 1.2168,                 2.8087,                0.87397,                 1.1336,                0.58434,                0.42676,                0.45897,                0.27746,                0.54932,                0.35078,                0.36714,                0.18064,                 1.4053,                 3.1224,                 1.0318,                 1.1627,              0.0090694,              0.0090694,              0.0090694
                     49,                 1.2218,                  2.816,                0.87959,                 1.1376,                0.61389,                0.42186,                0.46027,                0.27866,                0.53638,                0.36113,                0.36679,                0.18242,                 1.4073,                 3.1317,                 1.0356,                 1.1683,              0.0090496,              0.0090496,              0.0090496
                     50,                 1.2094,                 2.7907,                0.86902,                 1.1316,                0.62194,                0.41947,                0.45721,                0.27428,                0.54934,                0.35572,                0.36335,                0.18099,                 1.4116,                 3.1203,                 1.0361,                 1.1697,              0.0090298,              0.0090298,              0.0090298
                     51,                 1.2088,                 2.7877,                 0.8661,                  1.131,                0.59508,                0.42412,                0.45196,                0.27432,                0.51934,                0.35289,                0.35701,                0.17825,                 1.4171,                 3.1331,                 1.0387,                 1.1683,                0.00901,                0.00901,                0.00901
                     52,                 1.2112,                 2.7891,                0.86782,                 1.1334,                0.61322,                0.42547,                0.46295,                0.28182,                0.55161,                0.35124,                0.36265,                0.18424,                 1.4045,                  3.121,                 1.0254,                 1.1652,              0.0089902,              0.0089902,              0.0089902
                     53,                 1.2041,                 2.7784,                0.86353,                 1.1306,                0.62555,                 0.4218,                0.46026,                0.27747,                0.55016,                0.35116,                0.35976,                0.17926,                 1.4167,                 3.1227,                 1.0274,                 1.1691,              0.0089704,              0.0089704,              0.0089704
                     54,                 1.2086,                 2.7811,                0.86479,                 1.1312,                  0.591,                0.43629,                0.46247,                0.27756,                0.51172,                0.36327,                0.36454,                0.18226,                   1.41,                 3.1167,                 1.0266,                   1.17,              0.0089506,              0.0089506,              0.0089506
                     55,                 1.2015,                 2.7676,                0.85776,                 1.1275,                0.63083,                0.42475,                0.46694,                0.27988,                0.56081,                0.35388,                0.36607,                 0.1818,                  1.407,                 3.1244,                 1.0328,                 1.1709,              0.0089308,              0.0089308,              0.0089308
                     56,                 1.2028,                 2.7697,                 0.8603,                 1.1283,                0.60077,                0.43157,                0.45842,                0.27305,                0.51305,                0.36789,                0.36146,                0.18008,                 1.4154,                 3.1464,                 1.0348,                 1.1695,               0.008911,               0.008911,               0.008911
                     57,                  1.204,                 2.7683,                 0.8566,                 1.1275,                0.62926,                0.42884,                0.46412,                0.28044,                0.55176,                 0.3578,                0.36072,                0.17943,                 1.4025,                  3.097,                 1.0185,                 1.1671,              0.0088912,              0.0088912,              0.0088912
                     58,                 1.2012,                 2.7631,                0.85484,                  1.127,                0.60563,                0.42348,                0.45696,                0.27517,                0.55818,                0.35073,                 0.3581,                0.17973,                 1.4073,                 3.1138,                  1.026,                 1.1672,              0.0088714,              0.0088714,              0.0088714
                     59,                 1.1968,                 2.7536,                0.85051,                 1.1235,                0.62858,                 0.4167,                0.45861,                0.27867,                 0.5623,                 0.3488,                0.36372,                0.18146,                 1.4086,                 3.1352,                 1.0217,                  1.165,              0.0088516,              0.0088516,              0.0088516
                     60,                 1.1901,                 2.7496,                0.84783,                 1.1237,                0.59238,                0.42568,                0.46108,                0.27588,                 0.5193,                0.34877,                0.35976,                0.17834,                 1.4119,                 3.1258,                 1.0251,                 1.1737,              0.0088318,              0.0088318,              0.0088318
                     61,                 1.1934,                 2.7458,                0.84666,                 1.1238,                0.64208,                0.42581,                0.46682,                0.28053,                0.55963,                0.36043,                0.36472,                0.18057,                 1.4084,                 3.1264,                 1.0226,                 1.1692,               0.008812,               0.008812,               0.008812
                     62,                 1.1948,                 2.7511,                 0.8451,                 1.1231,                0.59988,                0.43984,                0.46188,                0.27911,                0.55015,                0.35803,                0.36539,                0.18133,                 1.4077,                 3.1444,                 1.0195,                 1.1674,              0.0087922,              0.0087922,              0.0087922
                     63,                 1.1891,                 2.7286,                0.83959,                  1.117,                 0.5882,                 0.4323,                0.45857,                0.27654,                0.51401,                0.36691,                0.36444,                0.17851,                 1.4135,                 3.1463,                 1.0308,                 1.1729,              0.0087724,              0.0087724,              0.0087724
                     64,                 1.1854,                 2.7206,                0.83518,                 1.1154,                0.61415,                 0.4268,                 0.4635,                0.28316,                0.55847,                   0.35,                0.36636,                0.18382,                 1.4038,                 3.1379,                  1.019,                  1.165,              0.0087526,              0.0087526,              0.0087526
                     65,                 1.1824,                 2.7298,                0.83368,                 1.1159,                0.62287,                0.42721,                0.46237,                0.27755,                0.55419,                0.36049,                0.36634,                0.18045,                 1.4056,                 3.1218,                 1.0254,                 1.1701,              0.0087328,              0.0087328,              0.0087328
                     66,                 1.1871,                  2.731,                0.83543,                 1.1197,                0.62233,                0.42421,                0.46027,                 0.2784,                0.54613,                0.35431,                0.36164,                0.17584,                 1.4058,                 3.1346,                 1.0288,                  1.169,               0.008713,               0.008713,               0.008713
                     67,                 1.1845,                 2.7229,                0.82894,                 1.1144,                0.62762,                0.42254,                0.46326,                0.28211,                0.54505,                0.35256,                0.36051,                 0.1834,                 1.4064,                 3.1193,                 1.0158,                 1.1663,              0.0086932,              0.0086932,              0.0086932
                     68,                 1.1759,                 2.7052,                0.82891,                 1.1152,                  0.621,                0.41948,                0.45563,                0.27928,                0.54705,                0.35404,                0.36079,                0.17997,                 1.4046,                 3.1306,                 1.0169,                 1.1669,              0.0086734,              0.0086734,              0.0086734
                     69,                 1.1809,                 2.7083,                0.82595,                 1.1131,                0.61331,                0.42827,                0.46055,                0.28007,                0.52975,                0.35615,                0.36186,                 0.1783,                 1.4017,                 3.1334,                 1.0282,                 1.1651,              0.0086536,              0.0086536,              0.0086536
                     70,                 1.1834,                 2.7111,                0.82879,                 1.1152,                 0.5961,                0.43667,                0.45942,                0.27931,                0.50256,                0.36813,                0.36241,                0.17853,                 1.4086,                 3.1433,                 1.0228,                  1.169,              0.0086338,              0.0086338,              0.0086338
                     71,                 1.1715,                 2.7027,                0.82245,                 1.1122,                0.60706,                0.43229,                0.46182,                 0.2775,                0.52687,                0.36116,                0.36284,                0.17686,                  1.411,                 3.1413,                 1.0231,                  1.171,               0.008614,               0.008614,               0.008614
                     72,                 1.1776,                   2.71,                0.82636,                 1.1121,                0.60606,                0.43531,                0.46145,                0.27919,                0.52482,                0.36251,                0.36068,                0.18174,                 1.4116,                 3.1465,                  1.024,                 1.1672,              0.0085942,              0.0085942,              0.0085942
                     73,                 1.1726,                  2.699,                0.81939,                 1.1102,                0.63552,                0.42551,                  0.469,                0.28244,                0.53828,                 0.3625,                0.36785,                0.18226,                 1.4141,                 3.1264,                 1.0241,                 1.1711,              0.0085744,              0.0085744,              0.0085744
                     74,                 1.1746,                  2.694,                0.81995,                 1.1106,                0.60566,                0.42853,                0.46136,                0.28097,                0.55147,                0.35482,                0.36721,                0.18325,                 1.4101,                 3.1188,                 1.0145,                 1.1687,              0.0085546,              0.0085546,              0.0085546
                     75,                 1.1705,                 2.6774,                 0.8155,                 1.1094,                0.61566,                0.43399,                0.46867,                0.28583,                0.54702,                0.36102,                  0.366,                  0.186,                 1.4026,                 3.1268,                 1.0106,                 1.1688,              0.0085348,              0.0085348,              0.0085348
                     76,                 1.1672,                 2.6904,                0.81377,                 1.1052,                0.63221,                0.41482,                0.45777,                 0.2793,                0.55978,                0.34862,                0.36207,                0.18239,                 1.4089,                 3.1267,                 1.0241,                 1.1686,               0.008515,               0.008515,               0.008515
                     77,                 1.1656,                 2.6826,                0.81018,                 1.1065,                0.61955,                0.43766,                0.47105,                0.28393,                0.54848,                0.36148,                0.37237,                0.18795,                 1.4031,                 3.1495,                 1.0108,                 1.1715,              0.0084952,              0.0084952,              0.0084952
                     78,                 1.1616,                 2.6709,                0.81161,                 1.1049,                 0.5838,                0.43388,                0.45702,                0.28013,                0.50877,                  0.366,                0.36601,                0.18064,                 1.4112,                 3.1452,                 1.0228,                 1.1662,              0.0084754,              0.0084754,              0.0084754
                     79,                  1.165,                 2.6821,                0.80831,                 1.1064,                0.59229,                0.42947,                0.46131,                0.27715,                0.53278,                0.35427,                0.36183,                0.17996,                 1.4106,                 3.1224,                 1.0237,                 1.1683,              0.0084556,              0.0084556,              0.0084556
                     80,                  1.166,                 2.6771,                0.81042,                 1.1038,                 0.6106,                0.42993,                0.46727,                0.28408,                 0.5778,                0.35253,                0.36712,                0.18379,                 1.4065,                  3.128,                 1.0126,                 1.1755,              0.0084358,              0.0084358,              0.0084358
                     81,                 1.1638,                 2.6797,                0.80693,                 1.1043,                 0.6162,                0.41718,                0.46098,                0.27844,                0.56481,                0.34706,                0.36405,                0.18068,                 1.4148,                 3.1547,                 1.0212,                 1.1788,               0.008416,               0.008416,               0.008416
                     82,                 1.1641,                 2.6702,                0.80429,                 1.1041,                0.60024,                0.43622,                0.46157,                0.28146,                0.55263,                0.36085,                0.36703,                0.17877,                 1.4125,                 3.1461,                 1.0175,                 1.1744,              0.0083962,              0.0083962,              0.0083962
                     83,                 1.1557,                 2.6614,                0.79927,                 1.0977,                0.63091,                 0.4252,                0.46646,                0.28506,                0.54936,                0.36071,                0.37203,                0.18352,                 1.4082,                  3.142,                 1.0118,                 1.1706,              0.0083764,              0.0083764,              0.0083764
                     84,                 1.1519,                 2.6442,                 0.7946,                 1.0968,                0.62189,                0.43341,                0.46613,                0.28231,                0.54569,                0.35947,                0.36422,                0.18405,                 1.4084,                 3.1494,                 1.0133,                 1.1702,              0.0083566,              0.0083566,              0.0083566
                     85,                  1.151,                 2.6599,                0.79523,                 1.0967,                0.62199,                0.43712,                0.47233,                0.28587,                0.55772,                0.36039,                 0.3723,                0.18555,                 1.4121,                 3.1538,                 1.0244,                 1.1779,              0.0083368,              0.0083368,              0.0083368
                     86,                 1.1511,                 2.6463,                0.79155,                 1.0957,                 0.5922,                0.43132,                0.46029,                0.27967,                0.55452,                0.34142,                0.35432,                0.17941,                 1.4106,                 3.1462,                 1.0108,                 1.1724,               0.008317,               0.008317,               0.008317
                     87,                 1.1481,                 2.6496,                0.79361,                 1.0967,                0.60619,                0.43443,                0.46746,                0.28176,                0.52356,                0.36757,                0.36696,                 0.1832,                 1.4098,                 3.1355,                 1.0108,                 1.1703,              0.0082972,              0.0082972,              0.0082972
                     88,                 1.1514,                 2.6521,                0.79242,                 1.0954,                0.61335,                0.43248,                 0.4634,                0.27911,                0.52716,                0.36139,                 0.3617,                0.18075,                 1.4156,                  3.142,                 1.0205,                 1.1742,              0.0082774,              0.0082774,              0.0082774
                     89,                 1.1519,                 2.6422,                0.79166,                  1.096,                0.59948,                0.43826,                0.46718,                0.28397,                0.50605,                0.36814,                0.36584,                0.18262,                 1.4121,                 3.1546,                 1.0153,                 1.1755,              0.0082576,              0.0082576,              0.0082576
                     90,                 1.1482,                 2.6367,                0.78968,                 1.0956,                0.61854,                0.43252,                0.46318,                0.28028,                0.54351,                 0.3586,                0.36209,                0.18056,                 1.4135,                 3.1455,                 1.0264,                  1.178,              0.0082378,              0.0082378,              0.0082378
                     91,                 1.1479,                 2.6333,                0.78747,                 1.0951,                0.61521,                0.43055,                0.46632,                0.28376,                0.53456,                0.35776,                0.36486,                0.18254,                 1.4114,                 3.1615,                 1.0142,                 1.1736,               0.008218,               0.008218,               0.008218
                     92,                 1.1431,                 2.6292,                0.78319,                 1.0928,                0.59591,                0.44179,                0.46666,                0.28305,                0.51116,                0.36549,                0.36366,                0.18156,                 1.4106,                 3.1535,                 1.0118,                 1.1779,              0.0081982,              0.0081982,              0.0081982
                     93,                 1.1449,                 2.6296,                0.78602,                 1.0922,                0.62911,                0.42893,                0.46186,                0.27951,                0.54624,                0.35924,                0.36296,                0.18055,                 1.4116,                 3.1465,                 1.0111,                 1.1753,              0.0081784,              0.0081784,              0.0081784
                     94,                 1.1445,                 2.6347,                0.78723,                 1.0922,                0.63122,                0.43432,                0.47304,                0.28782,                0.54154,                0.36253,                0.36946,                0.18546,                 1.4056,                  3.148,                 1.0067,                 1.1724,              0.0081586,              0.0081586,              0.0081586
                     95,                 1.1411,                  2.617,                0.78336,                 1.0905,                0.63656,                 0.4346,                0.46796,                0.28321,                0.56514,                0.36023,                0.36983,                0.18275,                 1.4106,                 3.1372,                 1.0079,                 1.1777,              0.0081388,              0.0081388,              0.0081388
                     96,                 1.1442,                 2.6316,                 0.7851,                 1.0899,                0.62252,                0.43691,                  0.468,                0.28387,                0.54766,                0.36748,                0.37404,                0.18478,                 1.4084,                  3.155,                  1.009,                 1.1733,               0.008119,               0.008119,               0.008119
                     97,                 1.1395,                  2.625,                0.77849,                 1.0898,                0.64862,                0.42669,                0.47166,                0.28374,                0.57027,                0.35763,                0.36518,                0.17964,                 1.4151,                 3.1638,                 1.0109,                  1.177,              0.0080992,              0.0080992,              0.0080992
                     98,                 1.1337,                 2.6048,                0.77475,                  1.088,                0.63229,                0.42713,                0.46483,                0.28312,                0.56716,                0.35612,                0.36599,                0.18218,                 1.4102,                 3.1458,                 1.0119,                 1.1717,              0.0080794,              0.0080794,              0.0080794
                     99,                  1.136,                 2.6021,                 0.7736,                 1.0871,                0.63424,                0.42343,                0.46138,                0.28094,                0.55944,                 0.3553,                0.36249,                0.18077,                 1.4128,                 3.1556,                 1.0179,                 1.1747,              0.0080596,              0.0080596,              0.0080596
                    100,                 1.1306,                 2.6052,                0.77013,                 1.0857,                0.60579,                0.43088,                0.46266,                 0.2817,                0.55689,                0.34351,                0.35937,                0.17809,                 1.4059,                 3.1554,                 1.0071,                 1.1713,              0.0080398,              0.0080398,              0.0080398
                    101,                 1.1327,                 2.6067,                0.77278,                  1.085,                 0.6017,                0.42765,                0.46077,                0.28253,                0.55418,                0.35498,                0.36634,                 0.1821,                  1.407,                 3.1476,                  1.005,                 1.1733,                0.00802,                0.00802,                0.00802
                    102,                 1.1332,                 2.6052,                 0.7745,                 1.0859,                0.60854,                0.43758,                0.46744,                0.28319,                0.53081,                0.36283,                0.36834,                0.18255,                 1.4058,                 3.1619,                 1.0138,                 1.1736,              0.0080002,              0.0080002,              0.0080002
                    103,                 1.1276,                 2.5918,                0.77173,                  1.086,                0.62262,                0.42773,                0.46388,                0.28123,                0.54461,                0.35895,                0.36255,                0.18027,                 1.4073,                 3.1466,                 1.0026,                  1.176,              0.0079804,              0.0079804,              0.0079804
                    104,                 1.1301,                 2.5987,                0.76998,                  1.084,                0.60478,                0.44052,                0.46792,                0.28455,                0.53991,                0.36588,                0.36777,                0.18353,                 1.4106,                 3.1478,                 1.0079,                 1.1761,              0.0079606,              0.0079606,              0.0079606
                    105,                  1.131,                 2.5999,                0.76821,                 1.0842,                0.60275,                0.43484,                0.46021,                0.27806,                0.55335,                0.35369,                 0.3592,                 0.1797,                 1.4096,                 3.1607,                 1.0143,                 1.1777,              0.0079408,              0.0079408,              0.0079408
                    106,                 1.1251,                 2.5917,                0.76547,                  1.083,                0.60095,                0.43227,                0.46021,                0.28106,                0.54478,                0.35876,                0.35935,                0.18095,                 1.4092,                 3.1477,                 1.0121,                 1.1763,               0.007921,               0.007921,               0.007921
                    107,                 1.1269,                 2.6026,                0.76519,                 1.0809,                0.64297,                0.42329,                0.46744,                0.28414,                0.55353,                0.35971,                0.36771,                0.18216,                 1.4117,                 3.1409,                 1.0042,                 1.1796,              0.0079012,              0.0079012,              0.0079012
                    108,                 1.1235,                 2.5804,                0.76096,                 1.0802,                0.61918,                0.43477,                0.46658,                0.28096,                0.54161,                0.36266,                0.36579,                  0.182,                 1.4098,                 3.1583,                 1.0151,                 1.1789,              0.0078814,              0.0078814,              0.0078814
                    109,                  1.118,                 2.5795,                0.76035,                 1.0799,                 0.6019,                 0.4333,                0.46664,                0.28185,                0.52042,                 0.3578,                0.36298,                0.17912,                  1.415,                 3.1706,                 1.0057,                 1.1808,              0.0078616,              0.0078616,              0.0078616
                    110,                 1.1233,                 2.5767,                 0.7626,                  1.082,                0.64033,                0.42524,                0.46772,                0.28256,                0.55684,                0.35059,                0.35952,                0.18048,                 1.4088,                 3.1604,                 1.0085,                 1.1754,              0.0078418,              0.0078418,              0.0078418
                    111,                 1.1214,                  2.582,                0.75955,                 1.0788,                0.62196,                0.42433,                0.46392,                0.28104,                0.55688,                0.35243,                0.35851,                0.17937,                 1.4132,                 3.1796,                 1.0129,                 1.1834,               0.007822,               0.007822,               0.007822
                    112,                 1.1159,                  2.566,                0.75706,                 1.0759,                0.58625,                0.44086,                0.46581,                0.28079,                0.52577,                0.35344,                0.36143,                0.17695,                 1.4073,                 3.1729,                 1.0073,                 1.1767,              0.0078022,              0.0078022,              0.0078022
                    113,                  1.121,                 2.5753,                0.76113,                 1.0806,                0.62996,                 0.4378,                0.46921,                 0.2822,                0.53971,                0.36231,                0.36059,                0.18158,                 1.4064,                 3.1647,                0.99598,                 1.1794,              0.0077824,              0.0077824,              0.0077824
                    114,                  1.115,                 2.5642,                0.75512,                 1.0771,                0.59306,                0.44261,                 0.4643,                0.28025,                0.50839,                0.36557,                0.35827,                  0.179,                 1.4094,                  3.182,                 1.0036,                 1.1797,              0.0077626,              0.0077626,              0.0077626
                    115,                 1.1136,                 2.5689,                0.75572,                 1.0752,                0.63124,                0.43339,                0.46777,                0.28213,                0.55614,                0.35806,                0.36508,                0.18219,                 1.4092,                  3.165,                 1.0012,                 1.1786,              0.0077428,              0.0077428,              0.0077428
                    116,                 1.1124,                 2.5561,                 0.7531,                  1.074,                0.60631,                0.43982,                0.47016,                0.28512,                0.54228,                0.36168,                0.36644,                0.18353,                 1.4066,                  3.168,                0.99783,                  1.175,               0.007723,               0.007723,               0.007723
                    117,                 1.1142,                 2.5661,                0.75224,                 1.0741,                0.63497,                0.42873,                0.46877,                0.28373,                0.54823,                0.35889,                0.36501,                0.18241,                 1.4078,                 3.1577,                  1.003,                 1.1789,              0.0077032,              0.0077032,              0.0077032
                    118,                 1.1129,                 2.5635,                0.75346,                 1.0753,                  0.623,                0.42925,                0.46565,                0.28262,                0.54659,                0.35981,                0.36342,                0.18265,                 1.4069,                 3.1667,                 1.0004,                 1.1757,              0.0076834,              0.0076834,              0.0076834
                    119,                 1.1122,                 2.5574,                   0.75,                 1.0736,                0.61535,                0.43727,                0.46905,                 0.2854,                0.54559,                0.35888,                0.36405,                0.18395,                 1.4089,                 3.1786,                0.99853,                 1.1772,              0.0076636,              0.0076636,              0.0076636
                    120,                 1.1124,                 2.5469,                0.74923,                 1.0758,                0.64972,                0.42661,                0.47507,                0.28558,                0.55401,                0.35792,                0.36546,                0.18389,                 1.4122,                 3.1871,                 1.0032,                 1.1792,              0.0076438,              0.0076438,              0.0076438
                    121,                 1.1139,                 2.5596,                0.74929,                 1.0744,                0.63046,                0.43296,                0.47086,                0.28286,                 0.5502,                0.35932,                0.36855,                0.18405,                 1.4132,                 3.1679,                 1.0045,                 1.1794,               0.007624,               0.007624,               0.007624
                    122,                 1.1063,                 2.5446,                0.75024,                 1.0714,                0.60323,                0.44594,                0.47165,                0.28592,                0.55865,                0.35816,                0.36873,                0.18462,                 1.4086,                 3.1748,                 1.0029,                 1.1761,              0.0076042,              0.0076042,              0.0076042
                    123,                 1.1089,                 2.5485,                0.74512,                 1.0717,                0.62618,                0.42924,                 0.4688,                0.28262,                0.56138,                0.35198,                0.36391,                0.18068,                 1.4087,                  3.169,                  1.003,                 1.1806,              0.0075844,              0.0075844,              0.0075844
                    124,                 1.1061,                  2.541,                0.74581,                 1.0733,                0.61894,                0.43221,                0.46673,                0.28463,                0.55404,                0.35842,                0.36558,                0.18144,                 1.4108,                 3.1633,                 1.0038,                 1.1802,              0.0075646,              0.0075646,              0.0075646
